--
-- PostgreSQL database dump
--

-- Dumped from database version 12.17 (Ubuntu 12.17-1.pgdg22.04+1)
-- Dumped by pg_dump version 12.17 (Ubuntu 12.17-1.pgdg22.04+1)

SET statement_timeout = 0;
SET lock_timeout = 0;
SET idle_in_transaction_session_timeout = 0;
SET client_encoding = 'UTF8';
SET standard_conforming_strings = on;
SELECT pg_catalog.set_config('search_path', '', false);
SET check_function_bodies = false;
SET xmloption = content;
SET client_min_messages = warning;
SET row_security = off;

DROP DATABASE universe;
--
-- Name: universe; Type: DATABASE; Schema: -; Owner: freecodecamp
--

CREATE DATABASE universe WITH TEMPLATE = template0 ENCODING = 'UTF8' LC_COLLATE = 'C.UTF-8' LC_CTYPE = 'C.UTF-8';


ALTER DATABASE universe OWNER TO freecodecamp;

\connect universe

SET statement_timeout = 0;
SET lock_timeout = 0;
SET idle_in_transaction_session_timeout = 0;
SET client_encoding = 'UTF8';
SET standard_conforming_strings = on;
SELECT pg_catalog.set_config('search_path', '', false);
SET check_function_bodies = false;
SET xmloption = content;
SET client_min_messages = warning;
SET row_security = off;

SET default_tablespace = '';

SET default_table_access_method = heap;

--
-- Name: galaxy; Type: TABLE; Schema: public; Owner: freecodecamp
--

CREATE TABLE public.galaxy (
    galaxy_id integer NOT NULL,
    name character varying(100) NOT NULL,
    type text NOT NULL,
    age_in_millions_of_years integer NOT NULL,
    contains_life boolean DEFAULT false
);


ALTER TABLE public.galaxy OWNER TO freecodecamp;

--
-- Name: galaxy_galaxy_id_seq; Type: SEQUENCE; Schema: public; Owner: freecodecamp
--

CREATE SEQUENCE public.galaxy_galaxy_id_seq
    AS integer
    START WITH 1
    INCREMENT BY 1
    NO MINVALUE
    NO MAXVALUE
    CACHE 1;


ALTER TABLE public.galaxy_galaxy_id_seq OWNER TO freecodecamp;

--
-- Name: galaxy_galaxy_id_seq; Type: SEQUENCE OWNED BY; Schema: public; Owner: freecodecamp
--

ALTER SEQUENCE public.galaxy_galaxy_id_seq OWNED BY public.galaxy.galaxy_id;


--
-- Name: moon; Type: TABLE; Schema: public; Owner: freecodecamp
--

CREATE TABLE public.moon (
    moon_id integer NOT NULL,
    name character varying(100) NOT NULL,
    planet_id integer NOT NULL,
    diameter_km numeric NOT NULL,
    is_spherical boolean NOT NULL
);


ALTER TABLE public.moon OWNER TO freecodecamp;

--
-- Name: moon_moon_id_seq; Type: SEQUENCE; Schema: public; Owner: freecodecamp
--

CREATE SEQUENCE public.moon_moon_id_seq
    AS integer
    START WITH 1
    INCREMENT BY 1
    NO MINVALUE
    NO MAXVALUE
    CACHE 1;


ALTER TABLE public.moon_moon_id_seq OWNER TO freecodecamp;

--
-- Name: moon_moon_id_seq; Type: SEQUENCE OWNED BY; Schema: public; Owner: freecodecamp
--

ALTER SEQUENCE public.moon_moon_id_seq OWNED BY public.moon.moon_id;


--
-- Name: planet; Type: TABLE; Schema: public; Owner: freecodecamp
--

CREATE TABLE public.planet (
    planet_id integer NOT NULL,
    name character varying(100) NOT NULL,
    star_id integer NOT NULL,
    mass numeric NOT NULL,
    has_life boolean NOT NULL
);


ALTER TABLE public.planet OWNER TO freecodecamp;

--
-- Name: planet_planet_id_seq; Type: SEQUENCE; Schema: public; Owner: freecodecamp
--

CREATE SEQUENCE public.planet_planet_id_seq
    AS integer
    START WITH 1
    INCREMENT BY 1
    NO MINVALUE
    NO MAXVALUE
    CACHE 1;


ALTER TABLE public.planet_planet_id_seq OWNER TO freecodecamp;

--
-- Name: planet_planet_id_seq; Type: SEQUENCE OWNED BY; Schema: public; Owner: freecodecamp
--

ALTER SEQUENCE public.planet_planet_id_seq OWNED BY public.planet.planet_id;


--
-- Name: star; Type: TABLE; Schema: public; Owner: freecodecamp
--

CREATE TABLE public.star (
    star_id integer NOT NULL,
    name character varying(100) NOT NULL,
    galaxy_id integer NOT NULL,
    star_type text NOT NULL,
    is_visible boolean DEFAULT true
);


ALTER TABLE public.star OWNER TO freecodecamp;

--
-- Name: star_star_id_seq; Type: SEQUENCE; Schema: public; Owner: freecodecamp
--

CREATE SEQUENCE public.star_star_id_seq
    AS integer
    START WITH 1
    INCREMENT BY 1
    NO MINVALUE
    NO MAXVALUE
    CACHE 1;


ALTER TABLE public.star_star_id_seq OWNER TO freecodecamp;

--
-- Name: star_star_id_seq; Type: SEQUENCE OWNED BY; Schema: public; Owner: freecodecamp
--

ALTER SEQUENCE public.star_star_id_seq OWNED BY public.star.star_id;


--
-- Name: sun; Type: TABLE; Schema: public; Owner: freecodecamp
--

CREATE TABLE public.sun (
    sun_id integer NOT NULL,
    name character varying(100) NOT NULL,
    brightness_level integer NOT NULL,
    age_in_billions_of_years numeric NOT NULL,
    is_main_sequence boolean NOT NULL
);


ALTER TABLE public.sun OWNER TO freecodecamp;

--
-- Name: sun_sun_id_seq; Type: SEQUENCE; Schema: public; Owner: freecodecamp
--

CREATE SEQUENCE public.sun_sun_id_seq
    AS integer
    START WITH 1
    INCREMENT BY 1
    NO MINVALUE
    NO MAXVALUE
    CACHE 1;


ALTER TABLE public.sun_sun_id_seq OWNER TO freecodecamp;

--
-- Name: sun_sun_id_seq; Type: SEQUENCE OWNED BY; Schema: public; Owner: freecodecamp
--

ALTER SEQUENCE public.sun_sun_id_seq OWNED BY public.sun.sun_id;


--
-- Name: galaxy galaxy_id; Type: DEFAULT; Schema: public; Owner: freecodecamp
--

ALTER TABLE ONLY public.galaxy ALTER COLUMN galaxy_id SET DEFAULT nextval('public.galaxy_galaxy_id_seq'::regclass);


--
-- Name: moon moon_id; Type: DEFAULT; Schema: public; Owner: freecodecamp
--

ALTER TABLE ONLY public.moon ALTER COLUMN moon_id SET DEFAULT nextval('public.moon_moon_id_seq'::regclass);


--
-- Name: planet planet_id; Type: DEFAULT; Schema: public; Owner: freecodecamp
--

ALTER TABLE ONLY public.planet ALTER COLUMN planet_id SET DEFAULT nextval('public.planet_planet_id_seq'::regclass);


--
-- Name: star star_id; Type: DEFAULT; Schema: public; Owner: freecodecamp
--

ALTER TABLE ONLY public.star ALTER COLUMN star_id SET DEFAULT nextval('public.star_star_id_seq'::regclass);


--
-- Name: sun sun_id; Type: DEFAULT; Schema: public; Owner: freecodecamp
--

ALTER TABLE ONLY public.sun ALTER COLUMN sun_id SET DEFAULT nextval('public.sun_sun_id_seq'::regclass);


--
-- Data for Name: galaxy; Type: TABLE DATA; Schema: public; Owner: freecodecamp
--

INSERT INTO public.galaxy VALUES (1, 'Milky Way', 'Spiral', 13600, true);
INSERT INTO public.galaxy VALUES (2, 'Andromeda', 'Spiral', 10100, false);
INSERT INTO public.galaxy VALUES (3, 'Whirlpool', 'Spiral', 8500, false);
INSERT INTO public.galaxy VALUES (4, 'Sombrero', 'Elliptical', 9000, false);
INSERT INTO public.galaxy VALUES (5, 'Large Magellanic Cloud', 'Irregular', 13500, false);
INSERT INTO public.galaxy VALUES (6, 'Small Magellanic Cloud', 'Irregular', 12700, false);


--
-- Data for Name: moon; Type: TABLE DATA; Schema: public; Owner: freecodecamp
--

INSERT INTO public.moon VALUES (1, 'Moon', 1, 3474.8, true);
INSERT INTO public.moon VALUES (2, 'Phobos', 2, 22.2, false);
INSERT INTO public.moon VALUES (3, 'Deimos', 2, 12.4, false);
INSERT INTO public.moon VALUES (4, 'Europa', 3, 3121.6, true);
INSERT INTO public.moon VALUES (5, 'Ganymede', 3, 5268.2, true);
INSERT INTO public.moon VALUES (6, 'Callisto', 3, 4820.6, true);
INSERT INTO public.moon VALUES (7, 'Io', 3, 3642.6, true);
INSERT INTO public.moon VALUES (8, 'Titan', 4, 5150, true);
INSERT INTO public.moon VALUES (9, 'Enceladus', 4, 504.2, true);
INSERT INTO public.moon VALUES (10, 'Mimas', 4, 396.4, false);
INSERT INTO public.moon VALUES (11, 'Tethys', 4, 1066, true);
INSERT INTO public.moon VALUES (12, 'Dione', 4, 1122.8, true);
INSERT INTO public.moon VALUES (13, 'Rhea', 4, 1527.6, true);
INSERT INTO public.moon VALUES (14, 'Iapetus', 4, 1469, true);
INSERT INTO public.moon VALUES (15, 'Miranda', 5, 471.6, false);
INSERT INTO public.moon VALUES (16, 'Ariel', 5, 1158.8, true);
INSERT INTO public.moon VALUES (17, 'Umbriel', 5, 1169.4, true);
INSERT INTO public.moon VALUES (18, 'Titania', 5, 1577.8, true);
INSERT INTO public.moon VALUES (19, 'Oberon', 5, 1522.8, true);
INSERT INTO public.moon VALUES (20, 'Triton', 6, 2706.8, true);


--
-- Data for Name: planet; Type: TABLE DATA; Schema: public; Owner: freecodecamp
--

INSERT INTO public.planet VALUES (1, 'Earth', 1, 5.972, true);
INSERT INTO public.planet VALUES (2, 'Mars', 1, 0.641, false);
INSERT INTO public.planet VALUES (3, 'Jupiter', 1, 1898, false);
INSERT INTO public.planet VALUES (4, 'Saturn', 1, 568, false);
INSERT INTO public.planet VALUES (5, 'Neptune', 1, 102, false);
INSERT INTO public.planet VALUES (6, 'Uranus', 1, 86.8, false);
INSERT INTO public.planet VALUES (7, 'Kepler-22b', 6, 36, false);
INSERT INTO public.planet VALUES (8, 'Kepler-452b', 6, 30, false);
INSERT INTO public.planet VALUES (9, 'Alpha Centauri Bb', 6, 1.1, false);
INSERT INTO public.planet VALUES (10, 'Gliese 581c', 6, 5.6, false);
INSERT INTO public.planet VALUES (11, 'Gliese 581g', 6, 3.1, false);
INSERT INTO public.planet VALUES (12, 'HD 209458 b', 2, 220, false);


--
-- Data for Name: star; Type: TABLE DATA; Schema: public; Owner: freecodecamp
--

INSERT INTO public.star VALUES (1, 'Sun', 1, 'G-type', true);
INSERT INTO public.star VALUES (2, 'Sirius', 1, 'A-type', true);
INSERT INTO public.star VALUES (3, 'Vega', 1, 'A-type', true);
INSERT INTO public.star VALUES (4, 'Betelgeuse', 1, 'Red supergiant', true);
INSERT INTO public.star VALUES (5, 'Rigel', 2, 'Blue supergiant', false);
INSERT INTO public.star VALUES (6, 'Proxima Centauri', 1, 'M-type', false);


--
-- Data for Name: sun; Type: TABLE DATA; Schema: public; Owner: freecodecamp
--

INSERT INTO public.sun VALUES (1, 'Our Sun', 100, 4.6, true);
INSERT INTO public.sun VALUES (2, 'SunX1', 95, 5.2, true);
INSERT INTO public.sun VALUES (3, 'SunZ3', 80, 3.9, true);


--
-- Name: galaxy_galaxy_id_seq; Type: SEQUENCE SET; Schema: public; Owner: freecodecamp
--

SELECT pg_catalog.setval('public.galaxy_galaxy_id_seq', 6, true);


--
-- Name: moon_moon_id_seq; Type: SEQUENCE SET; Schema: public; Owner: freecodecamp
--

SELECT pg_catalog.setval('public.moon_moon_id_seq', 20, true);


--
-- Name: planet_planet_id_seq; Type: SEQUENCE SET; Schema: public; Owner: freecodecamp
--

SELECT pg_catalog.setval('public.planet_planet_id_seq', 12, true);


--
-- Name: star_star_id_seq; Type: SEQUENCE SET; Schema: public; Owner: freecodecamp
--

SELECT pg_catalog.setval('public.star_star_id_seq', 6, true);


--
-- Name: sun_sun_id_seq; Type: SEQUENCE SET; Schema: public; Owner: freecodecamp
--

SELECT pg_catalog.setval('public.sun_sun_id_seq', 3, true);


--
-- Name: galaxy galaxy_name_key; Type: CONSTRAINT; Schema: public; Owner: freecodecamp
--

ALTER TABLE ONLY public.galaxy
    ADD CONSTRAINT galaxy_name_key UNIQUE (name);


--
-- Name: galaxy galaxy_pkey; Type: CONSTRAINT; Schema: public; Owner: freecodecamp
--

ALTER TABLE ONLY public.galaxy
    ADD CONSTRAINT galaxy_pkey PRIMARY KEY (galaxy_id);


--
-- Name: moon moon_name_key; Type: CONSTRAINT; Schema: public; Owner: freecodecamp
--

ALTER TABLE ONLY public.moon
    ADD CONSTRAINT moon_name_key UNIQUE (name);


--
-- Name: moon moon_pkey; Type: CONSTRAINT; Schema: public; Owner: freecodecamp
--

ALTER TABLE ONLY public.moon
    ADD CONSTRAINT moon_pkey PRIMARY KEY (moon_id);


--
-- Name: planet planet_name_key; Type: CONSTRAINT; Schema: public; Owner: freecodecamp
--

ALTER TABLE ONLY public.planet
    ADD CONSTRAINT planet_name_key UNIQUE (name);


--
-- Name: planet planet_pkey; Type: CONSTRAINT; Schema: public; Owner: freecodecamp
--

ALTER TABLE ONLY public.planet
    ADD CONSTRAINT planet_pkey PRIMARY KEY (planet_id);


--
-- Name: star star_name_key; Type: CONSTRAINT; Schema: public; Owner: freecodecamp
--

ALTER TABLE ONLY public.star
    ADD CONSTRAINT star_name_key UNIQUE (name);


--
-- Name: star star_pkey; Type: CONSTRAINT; Schema: public; Owner: freecodecamp
--

ALTER TABLE ONLY public.star
    ADD CONSTRAINT star_pkey PRIMARY KEY (star_id);


--
-- Name: sun sun_name_key; Type: CONSTRAINT; Schema: public; Owner: freecodecamp
--

ALTER TABLE ONLY public.sun
    ADD CONSTRAINT sun_name_key UNIQUE (name);


--
-- Name: sun sun_pkey; Type: CONSTRAINT; Schema: public; Owner: freecodecamp
--

ALTER TABLE ONLY public.sun
    ADD CONSTRAINT sun_pkey PRIMARY KEY (sun_id);


--
-- Name: moon moon_planet_id_fkey; Type: FK CONSTRAINT; Schema: public; Owner: freecodecamp
--

ALTER TABLE ONLY public.moon
    ADD CONSTRAINT moon_planet_id_fkey FOREIGN KEY (planet_id) REFERENCES public.planet(planet_id);


--
-- Name: planet planet_star_id_fkey; Type: FK CONSTRAINT; Schema: public; Owner: freecodecamp
--

ALTER TABLE ONLY public.planet
    ADD CONSTRAINT planet_star_id_fkey FOREIGN KEY (star_id) REFERENCES public.star(star_id);


--
-- Name: star star_galaxy_id_fkey; Type: FK CONSTRAINT; Schema: public; Owner: freecodecamp
--

ALTER TABLE ONLY public.star
    ADD CONSTRAINT star_galaxy_id_fkey FOREIGN KEY (galaxy_id) REFERENCES public.galaxy(galaxy_id);


--
-- PostgreSQL database dump complete
--

